{"cameraMode":{"drawMode":0,"name":"Shaded","section":"Shading Mode"},"sceneLighting":false,"audioPlay":false,"sceneViewState":{"m_AlwaysRefresh":false,"showFog":true,"showSkybox":false,"showFlares":true,"showImageEffects":true,"showParticleSystems":true,"showVisualEffectGraphs":true,"m_FxEnabled":true},"in2DMode":false,"pivot":{"x":-7.613961696624756,"y":3.283352851867676,"z":5.977492332458496},"rotation":{"x":0.0027478847187012436,"y":0.40117156505584719,"z":0.0012036955449730158,"w":-0.9159997701644898},"size":4.922234058380127,"orthographic":false}