{"cameraMode":{"drawMode":0,"name":"Shaded","section":"Shading Mode"},"sceneLighting":false,"audioPlay":false,"sceneViewState":{"m_AlwaysRefresh":false,"showFog":true,"showSkybox":false,"showFlares":true,"showImageEffects":true,"showParticleSystems":true,"showVisualEffectGraphs":true,"m_FxEnabled":true},"in2DMode":false,"pivot":{"x":0.22948779165744782,"y":1.0517255067825318,"z":-0.00466446578502655},"rotation":{"x":-0.0030027637258172037,"y":-0.014959770254790783,"z":0.00004034963785670698,"w":-0.9999774098396301},"size":0.9062135815620422,"orthographic":false}