{"cameraMode":{"drawMode":0,"name":"Shaded","section":"Shading Mode"},"sceneLighting":false,"audioPlay":false,"sceneViewState":{"m_AlwaysRefresh":false,"showFog":false,"showSkybox":false,"showFlares":false,"showImageEffects":false,"showParticleSystems":false,"showVisualEffectGraphs":true,"m_FxEnabled":true},"in2DMode":false,"pivot":{"x":-0.003185868263244629,"y":0.8437614440917969,"z":0.47951000928878786},"rotation":{"x":-0.28146207332611086,"y":-0.6193806529045105,"z":0.25351473689079287,"w":-0.6876643300056458},"size":1.7858062982559205,"orthographic":false}