{"cameraMode":{"drawMode":0,"name":"Shaded","section":"Shading Mode"},"sceneLighting":false,"audioPlay":false,"sceneViewState":{"m_AlwaysRefresh":false,"showFog":true,"showSkybox":false,"showFlares":true,"showImageEffects":true,"showParticleSystems":true,"showVisualEffectGraphs":true,"m_FxEnabled":true},"in2DMode":false,"pivot":{"x":-0.053965114057064059,"y":0.5745664834976196,"z":0.1500082015991211},"rotation":{"x":-0.007502987049520016,"y":0.009041446261107922,"z":-0.00007112015737220645,"w":-1.000023365020752},"size":1.2348436117172242,"orthographic":false}