{"cameraMode":{"drawMode":0,"name":"Shaded","section":"Shading Mode"},"sceneLighting":false,"audioPlay":false,"sceneViewState":{"m_AlwaysRefresh":false,"showFog":true,"showSkybox":false,"showFlares":true,"showImageEffects":true,"showParticleSystems":true,"showVisualEffectGraphs":true,"m_FxEnabled":true},"in2DMode":false,"pivot":{"x":536.7533569335938,"y":230.95237731933595,"z":-3.1590576171875},"rotation":{"x":-0.11674612760543823,"y":-0.0029397839680314066,"z":0.0003384005685802549,"w":-0.9932493567466736},"size":307.3957824707031,"orthographic":false}