{"cameraMode":{"drawMode":0,"name":"Shaded","section":"Shading Mode"},"sceneLighting":false,"audioPlay":false,"sceneViewState":{"m_AlwaysRefresh":false,"showFog":true,"showSkybox":false,"showFlares":true,"showImageEffects":true,"showParticleSystems":true,"showVisualEffectGraphs":true,"m_FxEnabled":true},"in2DMode":false,"pivot":{"x":-1.6364219188690186,"y":-0.6095196008682251,"z":-22.26805877685547},"rotation":{"x":-0.11674612760543823,"y":-0.0029397839680314066,"z":0.0003384005685802549,"w":-0.9932493567466736},"size":2.19362735748291,"orthographic":false}