{"cameraMode":{"drawMode":0,"name":"Shaded","section":"Shading Mode"},"sceneLighting":false,"audioPlay":false,"sceneViewState":{"m_AlwaysRefresh":false,"showFog":true,"showSkybox":false,"showFlares":true,"showImageEffects":true,"showParticleSystems":true,"showVisualEffectGraphs":true,"m_FxEnabled":true},"in2DMode":false,"pivot":{"x":-1.1920928955078126e-7,"y":0.5263275504112244,"z":-2.9802322387695315e-8},"rotation":{"x":-0.0030027637258172037,"y":-0.014959770254790783,"z":0.00004034963785670698,"w":-0.9999774098396301},"size":0.9753838181495667,"orthographic":false}