{"cameraMode":{"drawMode":0,"name":"Shaded","section":"Shading Mode"},"sceneLighting":false,"audioPlay":false,"sceneViewState":{"m_AlwaysRefresh":false,"showFog":true,"showSkybox":false,"showFlares":true,"showImageEffects":true,"showParticleSystems":true,"showVisualEffectGraphs":true,"m_FxEnabled":true},"in2DMode":false,"pivot":{"x":0.1426018476486206,"y":0.4336977005004883,"z":-1.9235185384750367},"rotation":{"x":0.003476324724033475,"y":0.9797387719154358,"z":-0.19962340593338014,"w":0.01702655851840973},"size":2.024876594543457,"orthographic":false}