{"cameraMode":{"drawMode":0,"name":"Shaded","section":"Shading Mode"},"sceneLighting":false,"audioPlay":false,"sceneViewState":{"m_AlwaysRefresh":false,"showFog":true,"showSkybox":false,"showFlares":true,"showImageEffects":true,"showParticleSystems":true,"showVisualEffectGraphs":true,"m_FxEnabled":true},"in2DMode":false,"pivot":{"x":0.17613932490348817,"y":-0.025377001613378526,"z":1.308485507965088},"rotation":{"x":-0.007502996362745762,"y":-0.008959587663412094,"z":0.00006099381789681502,"w":-1.000025749206543},"size":2.5584895610809328,"orthographic":false}