{"cameraMode":{"drawMode":0,"name":"Shaded","section":"Shading Mode"},"sceneLighting":false,"audioPlay":false,"sceneViewState":{"m_AlwaysRefresh":false,"showFog":true,"showSkybox":false,"showFlares":true,"showImageEffects":true,"showParticleSystems":true,"showVisualEffectGraphs":true,"m_FxEnabled":true},"in2DMode":false,"pivot":{"x":0.032304733991622928,"y":1.08111572265625,"z":3.006836414337158},"rotation":{"x":-0.02171235904097557,"y":0.9141857028007507,"z":-0.04941408336162567,"w":-0.40168845653533938},"size":1.1538619995117188,"orthographic":false}