{"cameraMode":{"drawMode":0,"name":"Shaded","section":"Shading Mode"},"sceneLighting":false,"audioPlay":false,"sceneViewState":{"m_AlwaysRefresh":false,"showFog":true,"showSkybox":false,"showFlares":true,"showImageEffects":true,"showParticleSystems":true,"showVisualEffectGraphs":true,"m_FxEnabled":true},"in2DMode":false,"pivot":{"x":0.5286045670509338,"y":0.021960124373435975,"z":-1.4478670358657838},"rotation":{"x":-0.0014524920843541623,"y":0.9980524182319641,"z":-0.05695069581270218,"w":-0.025455040857195855},"size":1.8271608352661133,"orthographic":true}