{"cameraMode":{"drawMode":0,"name":"Shaded","section":"Shading Mode"},"sceneLighting":false,"audioPlay":false,"sceneViewState":{"m_AlwaysRefresh":false,"showFog":true,"showSkybox":false,"showFlares":true,"showImageEffects":true,"showParticleSystems":true,"showVisualEffectGraphs":true,"m_FxEnabled":true},"in2DMode":false,"pivot":{"x":-1.3002955913543702,"y":1.3066942691802979,"z":-3.955273151397705},"rotation":{"x":0.010296231135725975,"y":-0.1961086392402649,"z":0.0020582680590450765,"w":0.9805306792259216},"size":3.6560213565826418,"orthographic":true}